{"cameraMode":{"drawMode":2,"name":"Shaded Wireframe","section":"Shading Mode"},"sceneLighting":true,"audioPlay":false,"sceneViewState":{"m_AlwaysRefresh":false,"showFog":true,"showSkybox":true,"showFlares":true,"showImageEffects":true,"showParticleSystems":true,"showVisualEffectGraphs":true,"m_FxEnabled":true},"in2DMode":false,"pivot":{"x":425.744384765625,"y":175.4163360595703,"z":-8.377839088439942},"rotation":{"x":0.013807710260152817,"y":-0.009561690501868725,"z":0.00017221081361640245,"w":0.9999008774757385},"size":164.92201232910157,"orthographic":false}