{"cameraMode":{"drawMode":2,"name":"Shaded Wireframe","section":"Shading Mode"},"sceneLighting":true,"audioPlay":false,"sceneViewState":{"m_AlwaysRefresh":false,"showFog":true,"showSkybox":true,"showFlares":true,"showImageEffects":true,"showParticleSystems":true,"showVisualEffectGraphs":true,"m_FxEnabled":true},"in2DMode":false,"pivot":{"x":-0.23819826543331147,"y":9.699369430541993,"z":17.151763916015626},"rotation":{"x":0.3223070204257965,"y":-0.29856055974960329,"z":0.10795961320400238,"w":0.891841471195221},"size":0.009660523384809494,"orthographic":false}