{"cameraMode":{"drawMode":2,"name":"Shaded Wireframe","section":"Shading Mode"},"sceneLighting":true,"audioPlay":false,"sceneViewState":{"m_AlwaysRefresh":false,"showFog":true,"showSkybox":true,"showFlares":true,"showImageEffects":true,"showParticleSystems":true,"showVisualEffectGraphs":true,"m_FxEnabled":true},"in2DMode":false,"pivot":{"x":-10.626296997070313,"y":2.1354217529296877,"z":15.202266693115235},"rotation":{"x":-0.008311046287417412,"y":-0.7770719528198242,"z":-0.010244951583445073,"w":0.6293306946754456},"size":1.9555318355560303,"orthographic":false}